<code_scheme name="Default" version="173">
  <option name="RIGHT_MARGIN" value="1000" />
  <CsvCodeStyleSettings>
    <option name="TRIM_LEADING_WHITE_SPACES" value="true" />
    <option name="TRIM_TRAILING_WHITE_SPACES" value="true" />
  </CsvCodeStyleSettings>
  <codeStyleSettings language="JSON">
    <option name="RIGHT_MARGIN" value="1000" />
    <option name="WRAP_ON_TYPING" value="0" />
  </codeStyleSettings>
  <codeStyleSettings language="Markdown">
    <option name="RIGHT_MARGIN" value="80" />
    <option name="WRAP_ON_TYPING" value="1" />
  </codeStyleSettings>
</code_scheme>