<application>
  <component name="LocalDatabaseDriverManager" version="201">
    <driver id="sqlite.xerial">
      <artifact id="Xerial SQLiteJDBC" name="Xerial SQLiteJDBC" use="true" version="3.40.1" />
      <library>
        <url>file://$APPLICATION_CONFIG_DIR$/jdbc-drivers/Xerial SQLiteJDBC/3.40.1/org/xerial/sqlite-jdbc/3.40.1.0/sqlite-jdbc-3.40.1.0.jar</url>
      </library>
    </driver>
    <driver id="bf23e264-fa2d-48b4-8029-38b9ca3d2825" name="S2206_my_first_sql_database driver" dialect="SQLite" driver-class="org.sqlite.JDBC" icon="AllIcons.Providers.Sqlite">
      <url-template name="default" template="jdbc:sqlite:!(:memory:){file::identifier.sqlite}?" />
      <url-template name="In-memory" template="jdbc:sqlite::memory:" />
      <artifact id="Xerial SQLiteJDBC" name="Xerial SQLiteJDBC" use="true" version="3.40.1" />
      <property name="enable_load_extension" value="true" />
      <library>
        <url>file://$APPLICATION_CONFIG_DIR$/jdbc-drivers/Xerial SQLiteJDBC/3.45.1/org/xerial/sqlite-jdbc/3.45.1.0/sqlite-jdbc-3.45.1.0.jar</url>
      </library>
      <library>
        <url>file://$APPLICATION_CONFIG_DIR$/jdbc-drivers/Xerial SQLiteJDBC/3.45.1/org/slf4j/slf4j-api/1.7.36/slf4j-api-1.7.36.jar</url>
      </library>
      <library>
        <url>file://$APPLICATION_CONFIG_DIR$/jdbc-drivers/Xerial SQLiteJDBC/3.40.1/org/xerial/sqlite-jdbc/3.40.1.0/sqlite-jdbc-3.40.1.0.jar</url>
      </library>
    </driver>
  </component>
</application>