<application>
  <component name="ProjectJdkTable">
    <jdk version="2">
      <name value="Python 3.12" />
      <type value="Python SDK" />
      <version value="Python 3.12.4" />
      <homePath value="$USER_HOME$/AppData/Local/Programs/Python/Python312/python.exe" />
      <roots>
        <classPath>
          <root type="composite">
            <root url="file://$USER_HOME$/AppData/Local/Programs/Python/Python312/DLLs" type="simple" />
            <root url="file://$USER_HOME$/AppData/Local/Programs/Python/Python312/Lib" type="simple" />
            <root url="file://$USER_HOME$/AppData/Local/Programs/Python/Python312" type="simple" />
            <root url="file://$USER_HOME$/AppData/Local/Programs/Python/Python312/Lib/site-packages" type="simple" />
            <root url="file://$USER_HOME$/AppData/Local/Programs/Python/Python312/Lib/site-packages/win32" type="simple" />
            <root url="file://$USER_HOME$/AppData/Local/Programs/Python/Python312/Lib/site-packages/win32/lib" type="simple" />
            <root url="file://$USER_HOME$/AppData/Local/Programs/Python/Python312/Lib/site-packages/pythonwin" type="simple" />
            <root url="file://$USER_HOME$/AppData/Local/JetBrains/PyCharm2025.2/python_stubs/2099957147" type="simple" />
            <root url="file://$APPLICATION_HOME_DIR$/plugins/python-ce/helpers/typeshed/stdlib" type="simple" />
          </root>
        </classPath>
        <sourcePath>
          <root type="composite" />
        </sourcePath>
      </roots>
      <additional SDK_UUID="7560ffcc-061f-45df-a8b9-b21ca81b3ba6">
        <setting name="FLAVOR_ID" value="WinPythonSdkFlavor" />
        <setting name="FLAVOR_DATA" value="{}" />
      </additional>
    </jdk>
    <jdk version="2">
      <name value="Python 3.12 (TestPythonProject)" />
      <type value="Python SDK" />
      <version value="Python 3.12.4" />
      <homePath value="$USER_HOME$/OneDrive - AspIT - Ondrive/Uli/Python/TestPythonProject/.venv/Scripts/python.exe" />
      <roots>
        <classPath>
          <root type="composite">
            <root url="file://$USER_HOME$/AppData/Local/Programs/Python/Python312/DLLs" type="simple" />
            <root url="file://$USER_HOME$/AppData/Local/Programs/Python/Python312/Lib" type="simple" />
            <root url="file://$USER_HOME$/AppData/Local/Programs/Python/Python312" type="simple" />
            <root url="file://$USER_HOME$/OneDrive - AspIT - Ondrive/Uli/Python/TestPythonProject/.venv" type="simple" />
            <root url="file://$USER_HOME$/OneDrive - AspIT - Ondrive/Uli/Python/TestPythonProject/.venv/Lib/site-packages" type="simple" />
            <root url="file://$USER_HOME$/AppData/Local/JetBrains/PyCharm2025.1/python_stubs/-1072994665" type="simple" />
            <root url="file://$APPLICATION_HOME_DIR$/plugins/python-ce/helpers/python-skeletons" type="simple" />
            <root url="file://$APPLICATION_HOME_DIR$/plugins/python-ce/helpers/typeshed/stdlib" type="simple" />
          </root>
        </classPath>
        <sourcePath>
          <root type="composite" />
        </sourcePath>
      </roots>
      <additional ASSOCIATED_PROJECT_PATH="$USER_HOME$/OneDrive - AspIT - Ondrive/Uli/Python/TestPythonProject" SDK_UUID="b9e41dee-3c59-456a-ad23-a1857a8276cb">
        <setting name="FLAVOR_ID" value="VirtualEnvSdkFlavor" />
        <setting name="FLAVOR_DATA" value="{}" />
      </additional>
    </jdk>
  </component>
</application>