<application>
  <component name="JupyterTrustHash">
    <option name="hashed">
      <option value="+Eu0KnWXW61EsID5BO6USlq/d+8lkeNXcxixnCpik2Q=" />
      <option value="+Eu0KnWXW61EsID5BO6USlq/d+8lkeNXcxixnCpik2Q=" />
      <option value="VB0jAcy5S/diRkjP6Ehxa7Hgzdnmr8h/wK6ovB7neEo=" />
      <option value="crjSXvnnYarfe9Ta/2KePxpVqKoYUws+JT0zhiy86nU=" />
      <option value="H721nc/O4Zd1xBgsOES3NNRDKZV8DIQ9kDcaKVfCsbE=" />
      <option value="Ts3WzXGc913k9+QtEHnwyGsoDEEaQsS8CSdfWA8hDhw=" />
      <option value="TWTIepoIHH9GfkePnV6hU5aMxsBmgfWViNj7k17h2ko=" />
      <option value="VB0jAcy5S/diRkjP6Ehxa7Hgzdnmr8h/wK6ovB7neEo=" />
      <option value="pmNSN35evgDPvQBy/oppYn4/uoHTj4qg6270jwku81U=" />
      <option value="OkznKl2Ral8iFRSzDNikc/+RIULu9sQBFnYkUW0hcxo=" />
      <option value="2PKPfRysZ17/tEzM+MTtdWARps9AA94vk+54tz+trNY=" />
      <option value="FBiiWXpEKR4JWUfwHm6NrOPGrmbP/oSVcmqn3wHZB8E=" />
      <option value="rftn+qvK7SV88a1hElkwEKF9uvGBXhJnmUVgPdO/dlQ=" />
      <option value="xommZmZnQd+kkK0vysoQST20J/cVf7tx89Y/SbpZLnk=" />
      <option value="uwm8U7JuauWrNEMb/XKS4Xan0IGjy3ghvfdoftOZkKI=" />
      <option value="Fg+mxwRFIKZmBsbEUHJgwShHDeRLQUSNlJhQc8Bdaq8=" />
      <option value="4GY330xamvoyS62nfW6o4OnrFHMV9fVON21iy5HZ8aM=" />
      <option value="EuwXjklcdydRr0wReriU7A1FSvftd5GMeGjcldpIKEA=" />
    </option>
  </component>
</application>