<application>
  <component name="ProjectManager">
    <defaultProject>
      <component name="PropertiesComponent"><![CDATA[{
  "keyToString": {
    "settings.editor.selected.configurable": "reference.settings.ide.settings.web.browsers"
  }
}]]></component>
      <component name="WindowStateProjectService">
        <state x="423" y="147" key="SettingsEditor" timestamp="1745998112215">
          <screen x="0" y="0" width="1920" height="1032" />
        </state>
        <state x="423" y="147" key="SettingsEditor/0.0.1920.1032" timestamp="1745998112215" />
      </component>
    </defaultProject>
  </component>
</application>