<application>
  <component name="Trusted.Paths">
    <option name="TRUSTED_PROJECT_PATHS">
      <map>
        <entry key="C:\Users\ulisc\PycharmProjects\Elever\Bertram2" value="true" />
        <entry key="C:\Users\ulsc\OneDrive - AspIT - Ondrive\Uli\Python\AspIT_Python" value="true" />
        <entry key="C:\Users\ulsc\OneDrive - AspIT - Ondrive\Uli\Python\Aspit_Uli_privat" value="true" />
        <entry key="C:\Users\ulsc\OneDrive - AspIT - Ondrive\Uli\Python\Elever\AbdulRehman" value="true" />
        <entry key="C:\Users\ulsc\OneDrive - AspIT - Ondrive\Uli\Python\Elever\Alma" value="true" />
        <entry key="C:\Users\ulsc\OneDrive - AspIT - Ondrive\Uli\Python\Elever\Benjamin" value="true" />
        <entry key="C:\Users\ulsc\OneDrive - AspIT - Ondrive\Uli\Python\Elever\Bertram2" value="true" />
        <entry key="C:\Users\ulsc\OneDrive - AspIT - Ondrive\Uli\Python\Elever\Bertram2_chess" value="true" />
        <entry key="C:\Users\ulsc\OneDrive - AspIT - Ondrive\Uli\Python\Elever\Casper" value="true" />
        <entry key="C:\Users\ulsc\OneDrive - AspIT - Ondrive\Uli\Python\Elever\David" value="true" />
        <entry key="C:\Users\ulsc\OneDrive - AspIT - Ondrive\Uli\Python\Elever\EmilLS" value="true" />
        <entry key="C:\Users\ulsc\OneDrive - AspIT - Ondrive\Uli\Python\Elever\Hannibal" value="true" />
        <entry key="C:\Users\ulsc\OneDrive - AspIT - Ondrive\Uli\Python\Elever\JeppeF" value="true" />
        <entry key="C:\Users\ulsc\OneDrive - AspIT - Ondrive\Uli\Python\Elever\Klaes" value="true" />
        <entry key="C:\Users\ulsc\OneDrive - AspIT - Ondrive\Uli\Python\Elever\Matias" value="true" />
        <entry key="C:\Users\ulsc\OneDrive - AspIT - Ondrive\Uli\Python\Elever\Mikkel" value="true" />
        <entry key="C:\Users\ulsc\OneDrive - AspIT - Ondrive\Uli\Python\Elever\Oliver" value="true" />
        <entry key="C:\Users\ulsc\OneDrive - AspIT - Ondrive\Uli\Python\Elever\Tristan" value="true" />
        <entry key="C:\Users\ulsc\OneDrive - AspIT - Ondrive\Uli\Python\Elever\Vitus" value="true" />
        <entry key="C:\Users\ulsc\OneDrive - AspIT - Ondrive\Uli\Python\TestPythonProject" value="true" />
        <entry key="C:\Users\ulsc\OneDrive - AspIT - Ondrive\Uli\Python\curvesim" value="true" />
        <entry key="C:\Users\ulsc\OneDrive - AspIT - Ondrive\Uli\Python\curvesimulator.wiki" value="true" />
        <entry key="G:\Meine Ablage\Python\AspIT_Python" value="true" />
        <entry key="G:\Meine Ablage\Python\Aspit_Uli_privat" value="true" />
        <entry key="G:\Meine Ablage\Python\Elever\Benjamin" value="true" />
        <entry key="G:\Meine Ablage\Python\Elever\EmilS" value="true" />
        <entry key="G:\Meine Ablage\Python\Elever\JeppeF" value="true" />
        <entry key="G:\Meine Ablage\Python\Elever\JonasM" value="true" />
        <entry key="G:\Meine Ablage\Python\Elever\NoahHS" value="true" />
        <entry key="G:\Meine Ablage\Python\Elever\NoahHvG" value="true" />
        <entry key="G:\Meine Ablage\Python\curvesim" value="true" />
      </map>
    </option>
  </component>
  <component name="Trusted.Paths.Settings">
    <option name="TRUSTED_PATHS">
      <list>
        <option value="G:\Meine Ablage\Python" />
        <option value="C:\Users\ulisc\PycharmProjects\Elever" />
        <option value="C:\Users\ulsc\OneDrive - AspIT - Ondrive\Uli\Python" />
      </list>
    </option>
  </component>
</application>