<application>
  <component name="DimensionService">
    <location key="find.popup.0.0.1920.1080" x="354" y="127" />
    <location key="find.popup.0.0.1920.1080@120dpi" x="78" y="14" />
    <location key="find.popup.0.0.2560.1440@120dpi" x="104" y="19" />
    <size key="GridCell.Tab.0.left.0.0.1920.1080" width="1838" height="298" />
    <size key="GridCell.Tab.0.center.0.0.1920.1080" width="1838" height="298" />
    <size key="GridCell.Tab.0.right.0.0.1920.1080" width="1838" height="298" />
    <size key="GridCell.Tab.0.bottom.0.0.1920.1080" width="1838" height="298" />
    <size key="find.popup.0.0.1920.1080" width="1470" height="840" />
    <size key="GridCell.Tab.1.left.0.0.1920.1080" width="1838" height="298" />
    <size key="GridCell.Tab.1.center.0.0.1920.1080" width="1838" height="298" />
    <size key="GridCell.Tab.1.right.0.0.1920.1080" width="1838" height="298" />
    <size key="GridCell.Tab.1.bottom.0.0.1920.1080" width="1838" height="298" />
    <size key="GridCell.Tab.0.left.0.0.2560.1440@120dpi" width="2453" height="243" />
    <size key="GridCell.Tab.0.center.0.0.2560.1440@120dpi" width="2453" height="243" />
    <size key="GridCell.Tab.0.right.0.0.2560.1440@120dpi" width="2453" height="243" />
    <size key="GridCell.Tab.0.bottom.0.0.2560.1440@120dpi" width="2453" height="243" />
    <size key="GridCell.Tab.1.left.0.0.2560.1440@120dpi" width="2453" height="404" />
    <size key="GridCell.Tab.1.center.0.0.2560.1440@120dpi" width="2453" height="404" />
    <size key="GridCell.Tab.1.right.0.0.2560.1440@120dpi" width="2453" height="404" />
    <size key="GridCell.Tab.1.bottom.0.0.2560.1440@120dpi" width="2453" height="404" />
    <size key="GridCell.Tab.0.left.0.0.1920.1080@120dpi" width="1818" height="349" />
    <size key="GridCell.Tab.0.center.0.0.1920.1080@120dpi" width="1818" height="349" />
    <size key="GridCell.Tab.0.right.0.0.1920.1080@120dpi" width="1818" height="349" />
    <size key="GridCell.Tab.0.bottom.0.0.1920.1080@120dpi" width="1818" height="349" />
    <size key="find.popup.0.0.1920.1080@120dpi" width="1765" height="955" />
    <size key="GridCell.Tab.1.left.0.0.1920.1080@120dpi" width="1818" height="349" />
    <size key="GridCell.Tab.1.center.0.0.1920.1080@120dpi" width="1818" height="349" />
    <size key="GridCell.Tab.1.right.0.0.1920.1080@120dpi" width="1818" height="349" />
    <size key="GridCell.Tab.1.bottom.0.0.1920.1080@120dpi" width="1818" height="349" />
    <size key="GridCell.Tab.0.left.0.0.1920.1080@144dpi" width="1799" height="270" />
    <size key="GridCell.Tab.0.center.0.0.1920.1080@144dpi" width="1799" height="270" />
    <size key="GridCell.Tab.0.right.0.0.1920.1080@144dpi" width="1799" height="270" />
    <size key="GridCell.Tab.0.bottom.0.0.1920.1080@144dpi" width="1799" height="270" />
    <size key="find.popup.0.0.2560.1440@120dpi" width="2354" height="1293" />
  </component>
  <component name="WindowManager">
    <frame x="0" y="0" width="1919" height="1019" extendedState="6" />
  </component>
  <component name="WindowStateApplicationService">
    <state width="661" height="107" key="ShowUsagesActions.dimensionServiceKey" timestamp="1755852628106">
      <screen x="0" y="0" width="1536" height="816" />
    </state>
    <state width="661" height="107" key="ShowUsagesActions.dimensionServiceKey/0.0.1536.816" timestamp="1755852628106" />
    <state width="661" height="107" key="ShowUsagesActions.dimensionServiceKey/0.0.2048.1104" timestamp="1755780689388" />
  </component>
</application>