<keymap version="1" name="Windows copy Proper Redo" parent="$default">
  <action id="$Copy">
    <keyboard-shortcut first-keystroke="ctrl c" />
  </action>
  <action id="$Redo">
    <keyboard-shortcut first-keystroke="shift ctrl z" />
    <keyboard-shortcut first-keystroke="shift alt back_space" />
    <keyboard-shortcut first-keystroke="ctrl y" />
  </action>
  <action id="Arrangement.Alias.Rule.Match.Condition.Move.Down" />
  <action id="Arrangement.Rule.Group.Condition.Move.Down" />
  <action id="Arrangement.Rule.Group.Condition.Move.Up" />
  <action id="Arrangement.Rule.Match.Condition.Move.Down" />
  <action id="Arrangement.Rule.Match.Condition.Move.Up" />
  <action id="ChangesView.SetDefault" />
  <action id="CodeCompletion" />
  <action id="CommentByLineComment">
    <keyboard-shortcut first-keystroke="ctrl slash" />
    <keyboard-shortcut first-keystroke="ctrl divide" />
    <keyboard-shortcut first-keystroke="ctrl 1" />
  </action>
  <action id="Debugger.RemoveAllBreakpoints">
    <keyboard-shortcut first-keystroke="shift ctrl alt f8" />
  </action>
  <action id="DuplicatesForm.SendToLeft" />
  <action id="EditorDeleteLine">
    <keyboard-shortcut first-keystroke="ctrl delete" />
  </action>
  <action id="EditorDeleteToWordEnd" />
  <action id="EditorIndentLineOrSelection">
    <keyboard-shortcut first-keystroke="ctrl tab" />
  </action>
  <action id="EditorIndentSelection">
    <keyboard-shortcut first-keystroke="ctrl tab" />
  </action>
  <action id="EditorMoveToPageBottom" />
  <action id="EditorMoveToPageTop" />
  <action id="EditorSelectSingleLineAtCaret">
    <keyboard-shortcut first-keystroke="ctrl space" />
  </action>
  <action id="EditorStartNewLineBefore">
    <keyboard-shortcut first-keystroke="ctrl alt enter" />
    <keyboard-shortcut first-keystroke="ctrl insert" />
  </action>
  <action id="FileChooser.GotoHome" />
  <action id="GotoBookmark1" />
  <action id="MethodDown" />
  <action id="MethodUp" />
  <action id="MoveLineDown">
    <keyboard-shortcut first-keystroke="alt down" />
  </action>
  <action id="MoveLineUp">
    <keyboard-shortcut first-keystroke="alt up" />
  </action>
  <action id="NextTab">
    <keyboard-shortcut first-keystroke="alt right" />
    <keyboard-shortcut first-keystroke="ctrl page_down" />
  </action>
  <action id="NotebookConvertToMarkdownCellActionToolbar">
    <keyboard-shortcut first-keystroke="ctrl m" />
  </action>
  <action id="PreviousTab">
    <keyboard-shortcut first-keystroke="alt left" />
    <keyboard-shortcut first-keystroke="ctrl page_up" />
  </action>
  <action id="RenameElement">
    <keyboard-shortcut first-keystroke="shift f6" />
    <keyboard-shortcut first-keystroke="shift ctrl alt f6" />
  </action>
  <action id="ShowContent" />
  <action id="ShowSearchHistory" />
  <action id="Switcher">
    <keyboard-shortcut first-keystroke="shift ctrl tab" />
  </action>
  <action id="Terminal.CopySelectedText">
    <keyboard-shortcut first-keystroke="ctrl c" />
  </action>
  <action id="ToggleTemporaryLineBreakpoint" />
  <action id="UsageView.ShowRecentFindUsages" />
  <action id="codeium.aA">
    <keyboard-shortcut first-keystroke="alt comma" />
  </action>
  <action id="codeium.aD">
    <keyboard-shortcut first-keystroke="shift ctrl alt subtract" />
  </action>
  <action id="codeium.aE">
    <keyboard-shortcut first-keystroke="shift ctrl alt add" />
  </action>
  <action id="codeium.az">
    <keyboard-shortcut first-keystroke="alt period" />
  </action>
  <action id="codeium.i">
    <keyboard-shortcut first-keystroke="alt #10000c4" />
    <keyboard-shortcut first-keystroke="alt #10000d8" />
  </action>
  <action id="codeium.j">
    <keyboard-shortcut first-keystroke="alt #10000d6" />
    <keyboard-shortcut first-keystroke="alt #10000c6" />
  </action>
</keymap>