<application>
  <component name="FileTypeManager" version="18">
    <ignoreFiles list="*$py.class;*.pyc;*.pyo;*.rbc;*.yarb;*~;.DS_Store;.git;.hg;.svn;CVS;__pycache__;_svn;vssver.scc;vssver2.scc" />
    <extensionMap>
      <mapping pattern="ToDo" type="AUTO_DETECTED" />
      <mapping pattern="Notizen" type="AUTO_DETECTED" />
      <mapping ext="mp4" type="Native" />
      <mapping ext="gdoc" type="Native" />
      <mapping ext="kv" type="PLAIN_TEXT" />
      <removed_mapping ext="csv" approved="true" type="PLAIN_TEXT" />
      <removed_mapping ext="ini" approved="true" type="PLAIN_TEXT" />
    </extensionMap>
  </component>
</application>