<application>
  <component name="DimensionService">
    <location key="find.popup.0.0.1920.1080" x="306" y="91" />
    <size key="GridCell.Tab.0.left.0.0.1920.1080" width="1838" height="298" />
    <size key="GridCell.Tab.0.center.0.0.1920.1080" width="1838" height="298" />
    <size key="GridCell.Tab.0.right.0.0.1920.1080" width="1838" height="298" />
    <size key="GridCell.Tab.0.bottom.0.0.1920.1080" width="1838" height="298" />
    <size key="find.popup.0.0.1920.1080" width="1328" height="879" />
    <size key="GridCell.Tab.1.left.0.0.1920.1080" width="1838" height="298" />
    <size key="GridCell.Tab.1.center.0.0.1920.1080" width="1838" height="298" />
    <size key="GridCell.Tab.1.right.0.0.1920.1080" width="1838" height="298" />
    <size key="GridCell.Tab.1.bottom.0.0.1920.1080" width="1838" height="298" />
  </component>
  <component name="WindowManager">
    <frame x="-8" y="-8" width="1930" height="1042" extendedState="6" />
  </component>
  <component name="WindowStateApplicationService">
    <state width="502" height="127" key="ShowUsagesActions.dimensionServiceKey" timestamp="1750524426548">
      <screen x="0" y="0" width="1920" height="1032" />
    </state>
    <state width="502" height="127" key="ShowUsagesActions.dimensionServiceKey/0.0.1920.1032" timestamp="1750524426548" />
    <state x="960" y="464" width="1000" height="720" key="WELCOME_SCREEN" timestamp="1747207547435">
      <screen x="0" y="0" width="1920" height="1032" />
    </state>
    <state x="960" y="464" width="1000" height="720" key="WELCOME_SCREEN/0.0.1920.1032" timestamp="1747207547435" />
  </component>
</application>