<application>
  <component name="DimensionService">
    <location key="find.popup.0.0.1920.1080" x="354" y="127" />
    <size key="GridCell.Tab.0.left.0.0.1920.1080" width="1838" height="298" />
    <size key="GridCell.Tab.0.center.0.0.1920.1080" width="1838" height="298" />
    <size key="GridCell.Tab.0.right.0.0.1920.1080" width="1838" height="298" />
    <size key="GridCell.Tab.0.bottom.0.0.1920.1080" width="1838" height="298" />
    <size key="find.popup.0.0.1920.1080" width="1470" height="840" />
    <size key="GridCell.Tab.1.left.0.0.1920.1080" width="1838" height="298" />
    <size key="GridCell.Tab.1.center.0.0.1920.1080" width="1838" height="298" />
    <size key="GridCell.Tab.1.right.0.0.1920.1080" width="1838" height="298" />
    <size key="GridCell.Tab.1.bottom.0.0.1920.1080" width="1838" height="298" />
  </component>
  <component name="WindowManager">
    <frame x="-8" y="-8" width="1936" height="1048" extendedState="6" />
  </component>
  <component name="WindowStateApplicationService">
    <state x="740" y="263" key="FileChooserDialogImpl" timestamp="1736804119995">
      <screen x="0" y="0" width="1920" height="1032" />
    </state>
    <state x="740" y="263" key="FileChooserDialogImpl/0.0.1920.1032" timestamp="1736804119995" />
    <state width="580" height="129" key="ShowUsagesActions.dimensionServiceKey" timestamp="1737578097222">
      <screen x="0" y="0" width="1920" height="1032" />
    </state>
    <state width="580" height="129" key="ShowUsagesActions.dimensionServiceKey/0.0.1920.1032" timestamp="1737578097222" />
  </component>
</application>