<application>
  <component name="JupyterTrustHash">
    <option name="hashed">
      <option value="NZV6WQBFwjVUxucgLMkceyizSgFU+iqZLZAW15OiW58=" />
      <option value="IWN9eOpMPvY747epBahQRcQzj6LsxtyW5vwEdeE8cG0=" />
      <option value="oGXB9mXZ4mFdOf3NbwW0x4gJMcnBUSODZ5NBtbNf3LY=" />
      <option value="u5FgmsBkzJBeB5Amq50fWO2CksxYx18f5Basn1g80CQ=" />
      <option value="DhHKLLSsrfivSVeEI/2eAxDm1eWRfciKwi4DoGQ3Efk=" />
      <option value="2t26zzAf46g1wGn5YqVN8idFbnoNP6B4u317i+1AXPY=" />
      <option value="2t26zzAf46g1wGn5YqVN8idFbnoNP6B4u317i+1AXPY=" />
      <option value="SOr50GEH5utV8KY1E9BcETwYm1FdYb/Nzgl7QxL9Fng=" />
      <option value="GhW8FoemnAGHYBMbim8xb0rpHIJPsw8UA45mmDcOF08=" />
      <option value="eYD4kP+0lsZou4bvJ5huPrPPV1wQH7HvGyeStAon074=" />
      <option value="UFbyoiAkzbtgJoFj8IFFVxcloQ5cgc/oCOTssOFPYYk=" />
      <option value="eOW7BvGGvKC5mDIzqD7rJZ38dTShSOQdk/QFUNym+nQ=" />
      <option value="yHJ/3uLF3J9W2KOXiXdcSCfvHzF/vGy8Wfc6XTUB+74=" />
      <option value="UFbyoiAkzbtgJoFj8IFFVxcloQ5cgc/oCOTssOFPYYk=" />
      <option value="P/DSKfuZbGRfo1G1OHeWDmEw7XcmM32XF+yYsy4YSiU=" />
      <option value="2MTyzGTRPytehRZh7rvkkMQjlC9dK879N38o+3yCYRg=" />
      <option value="mLwu9PAAGHIy4aF28SWwMUNQcSarQOVYG+n8SKefCR0=" />
      <option value="704AaGyoF2bJQGnkk71W1rJoKWKbZnBIXlKSfhkcnYI=" />
      <option value="UVbxzDm01eU31EbW8B9GwAxzj5eVl1/zc32cDf3y/oA=" />
      <option value="vMdenRRWthAXK0w/i7GuQDr1ZX7US8vlnQYkawOka6o=" />
      <option value="PpJUaF28bqQhNKbTcwAFrGFaD4fkofy+f6vBAA3M6HQ=" />
      <option value="PpJUaF28bqQhNKbTcwAFrGFaD4fkofy+f6vBAA3M6HQ=" />
      <option value="PD3k7ceTKLMa+rGCyE1QP1ZwX+l1exbUZ1pzRCxqOi4=" />
      <option value="r5wsPOFitQeIB8/VAAxX08oaWgRr9w93TSVKes8A4jo=" />
      <option value="7mEEbjBIr/9Ehnp7lITt7fbASfddLE5iXW/cqimqcQo=" />
    </option>
  </component>
</application>