<application>
  <component name="Trusted.Paths">
    <option name="TRUSTED_PROJECT_PATHS">
      <map>
        <entry key="C:\Users\ulisc\PycharmProjects\Elever\Bertram2" value="true" />
        <entry key="C:\Users\ulisc\PycharmProjects\PythonProject" value="true" />
        <entry key="C:\Users\ulisc\PycharmProjects\curvesimulator.wiki" value="true" />
        <entry key="G:\Meine Ablage\Python\AspIT_Python" value="true" />
        <entry key="G:\Meine Ablage\Python\Aspit_Uli_privat" value="true" />
        <entry key="G:\Meine Ablage\Python\Elever\Alma" value="true" />
        <entry key="G:\Meine Ablage\Python\Elever\Benjamin" value="true" />
        <entry key="G:\Meine Ablage\Python\Elever\Bertram2" value="true" />
        <entry key="G:\Meine Ablage\Python\Elever\EmilS" value="true" />
        <entry key="G:\Meine Ablage\Python\Elever\FrederikEmil" value="true" />
        <entry key="G:\Meine Ablage\Python\Elever\Hannibal" value="true" />
        <entry key="G:\Meine Ablage\Python\Elever\JeppeF" value="true" />
        <entry key="G:\Meine Ablage\Python\Elever\JonasM" value="true" />
        <entry key="G:\Meine Ablage\Python\Elever\Kjartan" value="true" />
        <entry key="G:\Meine Ablage\Python\Elever\Mikkel" value="true" />
        <entry key="G:\Meine Ablage\Python\Elever\NoahHS" value="true" />
        <entry key="G:\Meine Ablage\Python\Elever\NoahHvG" value="true" />
        <entry key="G:\Meine Ablage\Python\Elever\Silas" value="true" />
        <entry key="G:\Meine Ablage\Python\Elever\curvesim" value="true" />
        <entry key="G:\Meine Ablage\Python\GW2" value="true" />
        <entry key="G:\Meine Ablage\Python\Solutions" value="true" />
        <entry key="G:\Meine Ablage\Python\coop_test" value="true" />
        <entry key="G:\Meine Ablage\Python\curvesim" value="true" />
        <entry key="G:\Meine Ablage\Python\curvesimulator.wiki" value="true" />
        <entry key="G:\Meine Ablage\Python\test_curvesimulator" value="true" />
      </map>
    </option>
  </component>
  <component name="Trusted.Paths.Settings">
    <option name="TRUSTED_PATHS">
      <list>
        <option value="G:\Meine Ablage\Python" />
        <option value="C:\Users\ulisc\PycharmProjects\Elever" />
        <option value="C:\Users\ulisc\PycharmProjects" />
      </list>
    </option>
  </component>
</application>